city_code,city,risk,cases,name,risk_interval_100
441900,东莞市,4.071770942,89.4466802,Dongguan,"89(72, 133)"
310000,上海市,3.984609231,87.59818532,Shanghai,"88(70, 130)"
440300,深圳市,3.236506607,71.73268822,Shenzhen,"72(58, 106)"
140700,晋中市,2.539486989,56.95054154,Jinzhong,"57(46, 83)"
430100,长沙市,2.267708051,51.18674951,Changsha,"51(42, 75)"
420100,武汉市,1.763103822,40.48528065,Wuhan,"40(33, 58)"
110000,北京市,1.586507486,36.74008773,Beijing,"37(30, 53)"
440100,广州市,1.342730041,31.57014149,Guangzhou,"32(26, 45)"
320500,苏州市,1.339663031,31.50509743,Suzhou,"32(26, 45)"
440600,佛山市,0.582863389,15.45515705,Foshan,"15(13, 21)"
440400,珠海市,0.426725469,12.14383901,Zhuhai,"12(11, 15)"
350200,厦门市,0.321160502,9.90505434,Xiamen,"10(9, 12)"
340100,合肥市,0.273403418,8.892238921,Hefei,"9(8, 11)"
429021,神农架林区,0.225279199,7.871637415,Shennongjia,"8(7, 9)"
530100,昆明市,0.204967632,7.440876863,Kunming,"7(7, 9)"
640100,银川市,0.190834924,7.14115537,Yinchuan,"7(6, 8)"
410100,郑州市,0.150955325,6.29540288,Zhengzhou,"6(6, 7)"
370200,青岛市,0.148680133,6.247151399,Qingdao,"6(5, 7)"
330200,宁波市,0.117499674,5.585887201,Ningbo,"6(5, 7)"
330400,嘉兴市,0.085182094,4.900507351,Jiaxing,"5(4, 6)"
460100,海口市,0.081737157,4.827448325,Haikou,"5(4, 6)"
330700,金华市,0.077011713,4.727232772,Jinhua,"5(4, 6)"
622900,临夏回族自治州,0.076288655,4.711898418,Linxia,"5(4, 6)"
320100,南京市,0.075367373,4.692360193,Nanjing,"5(4, 6)"
442000,中山市,0.068254558,4.541514113,Zhongshan,"5(4, 6)"
620100,兰州市,0.058624999,4.337293819,Lanzhou,"4(3, 5)"
150600,鄂尔多斯市,0.056540031,4.29307656,Erdos,"4(3, 5)"
150100,呼和浩特市,0.052001163,4.196817845,Huhehaote,"4(3, 5)"
540300,昌都市,0.044317809,4.033871981,Changdu,"4(3, 5)"
340200,芜湖市,0.041107208,3.965782686,Wuhu,"4(3, 5)"
150300,乌海市,0.027359388,3.674223755,Wuhai,"4(2, 5)"
320400,常州市,0.027337123,3.673751554,Changzhou,"4(2, 5)"
150200,包头市,0.025458629,3.63391312,Baotou,"4(2, 5)"
820000,澳门,0.019072769,3.498484045,Aomen,"3(2, 5)"
540100,拉萨市,0.013837157,3.387449036,Lasa,"3(2, 4)"
632800,海西蒙古族藏族自治州,0.013192058,3.373768001,Haixi,"3(2, 4)"
513200,阿坝藏族羌族自治州,0.011826072,3.344798657,Aba,"3(2, 4)"
654200,塔城地区,0.006767068,3.237509073,Tacheng,"3(2, 4)"
652900,阿克苏地区,0.00639902,3.229703635,Aksu,"3(2, 4)"
540600,那曲市,0.005210387,3.204495539,Naqu,"3(2, 4)"
540200,日喀则市,0.004426424,3.187869515,Rikaze,"3(2, 4)"
540400,林芝市,0.00411649,3.181296557,Linzhi,"3(2, 4)"
513300,甘孜藏族自治州,0.003808877,3.174772811,Ganzi,"3(2, 4)"
650400,吐鲁番市,0.003018022,3.15800062,Tulufan,"3(2, 4)"
632200,海北藏族自治州,0.002434946,3.145634966,Haibei,"3(2, 4)"
533400,迪庆藏族自治州,0.00233405,3.143495189,Diqing,"3(2, 4)"
620200,嘉峪关市,0.001645044,3.128882995,Jiayuguan,"3(2, 4)"
632500,海南藏族自治州,0.001619248,3.128335921,Tibetan Hainan,"3(2, 4)"
632600,果洛藏族自治州,0.001272418,3.120980479,Guoluo,"3(2, 4)"
659004,五家渠市,0.000562375,3.10592214,Wujiaqu,"3(2, 4)"
632300,黄南藏族自治州,0.0005116,3.104845303,Huangnan,"3(2, 4)"
620900,酒泉市,0.000422242,3.102950237,Jiuquan,"3(2, 4)"
652700,博尔塔拉蒙古自治州,0.000380491,3.1020648,Bortala,"3(2, 4)"
623000,甘南藏族自治州,0.000256083,3.099426391,Gannan,"3(2, 4)"
659005,北屯市,0.000144675,3.097063698,Beitun,"3(2, 4)"
659002,阿拉尔市,0.000116113,3.096457965,Alaer,"3(2, 4)"
659007,双河市,9.88E-05,3.096090665,Shuanghe,"3(2, 4)"
542500,阿里地区,7.21E-05,3.095524807,Ali,"3(2, 4)"
653000,克孜勒苏柯尔克孜自治州,1.40E-05,3.094291923,Kizilsu Kirghiz,"3(2, 4)"
659009,昆玉市,-7.39E-06,3.093838853,Kunyu,"3(2, 4)"
659006,铁门关市,-7.11E-05,3.09248743,Tiemenguan,"3(2, 4)"
659003,图木舒克市,-0.000159149,3.090620312,Tumushuke,"3(2, 4)"
540500,山南市,-0.00032753,3.087049339,Shannan,"3(2, 4)"
152900,阿拉善盟,-0.000397959,3.085555712,Alxa,"3(2, 4)"
630200,海东市,-0.00044939,3.084464984,Haidong,"3(2, 4)"
533300,怒江傈僳族自治州,-0.000526404,3.082831681,Nujiang,"3(2, 4)"
469001,五指山市,-0.00065925,3.080014333,Wuzhishan,"3(2, 4)"
654300,阿勒泰地区,-0.000683767,3.079494398,Aletai,"3(2, 4)"
652800,巴音郭楞蒙古自治州,-0.001863869,3.054467209,Bayingol,"3(2, 4)"
460300,三沙市,-0.002609454,3.038655091,Sansha,"3(2, 4)"
659008,可克达拉市,-0.003146442,3.027266847,Kekedala,"3(2, 4)"
650500,哈密市,-0.003233647,3.025417425,Hami,"3(2, 4)"
653200,和田地区,-0.003317834,3.023632027,Hetian,"3(2, 4)"
632700,玉树藏族自治州,-0.003364408,3.022644291,Yushu,"3(2, 4)"
610600,延安市,-0.004681722,2.994707174,Yanan,"3(2, 4)"
650200,克拉玛依市,-0.005018488,2.987565154,Kelamayi,"3(2, 4)"
469025,白沙黎族自治县,-0.006278571,2.960841757,Baisha,"3(2, 4)"
653100,喀什地区,-0.006294241,2.96050943,Kashi,"3(2, 4)"
530800,普洱市,-0.007332875,2.938482443,Puer,"3(1, 4)"
530700,丽江市,-0.007714775,2.930383238,Lijiang,"3(1, 4)"
652300,昌吉回族自治州,-0.008477306,2.914211758,Changji,"3(1, 4)"
654000,伊犁哈萨克自治州,-0.008824249,2.906853919,Yili,"3(1, 4)"
620300,金昌市,-0.009663009,2.889065794,Jinchang,"3(1, 4)"
533100,德宏傣族景颇族自治州,-0.009719979,2.887857597,Dehong,"3(1, 4)"
530900,临沧市,-0.011156415,2.857394153,Lincang,"3(1, 4)"
152200,兴安盟,-0.012899125,2.820435384,Hinggan,"3(1, 4)"
610200,铜川市,-0.014464849,2.787230048,Tongchuan,"3(1, 4)"
371200,莱芜市,-0.016364065,2.746952154,Laiwu,"3(1, 4)"
232700,大兴安岭地区,-0.01647367,2.744627686,Daxinganling,"3(1, 4)"
371000,威海市,-0.016523545,2.743569955,Weihai,"3(1, 4)"
469022,屯昌县,-0.01851413,2.70135432,Tunchang,"3(1, 4)"
640200,石嘴山市,-0.019655786,2.677142486,Shizuishan,"3(1, 4)"
150700,呼伦贝尔市,-0.019920964,2.671518682,Hulunbuir,"3(1, 4)"
621200,陇南市,-0.020503617,2.659161979,Longnan,"3(1, 4)"
152500,锡林郭勒盟,-0.020658747,2.655872043,Xilingol,"3(1, 4)"
150800,巴彦淖尔市,-0.0211808,2.644800532,Bayannur,"3(1, 4)"
710000,花莲县,-0.021655429,2.63473477,Hualianxian,"3(1, 4)"
659001,石河子市,-0.021690024,2.63400108,Shihezi,"3(1, 4)"
220600,白山市,-0.022167416,2.623876735,Baishan,"3(1, 4)"
469030,琼中黎族苗族自治县,-0.02267266,2.613161688,Qiongzhong,"3(1, 4)"
370500,东营市,-0.023928899,2.58651982,Dongying,"3(1, 4)"
620600,武威市,-0.024682681,2.57053388,Wuwei,"3(1, 4)"
231100,黑河市,-0.024707169,2.570014539,Heihe,"3(1, 4)"
620700,张掖市,-0.026485902,2.532291799,Zhangye,"3(1, 4)"
810000,香港,-0.026746326,2.526768805,Xianggang,"3(1, 4)"
330900,舟山市,-0.02808995,2.498273717,Zhoushan,"2(1, 4)"
469029,保亭黎族苗族自治县,-0.028095609,2.498153697,Baoting,"2(1, 4)"
220400,辽源市,-0.029175025,2.475261823,Liaoyuan,"2(1, 4)"
419001,济源市,-0.029458402,2.469252055,Jiyuan,"2(1, 4)"
610800,榆林市,-0.029677698,2.464601306,Yulin,"2(1, 4)"
222400,延边朝鲜族自治州,-0.029897167,2.45994688,Yanbian,"2(1, 4)"
230600,大庆市,-0.030575058,2.445570405,Daqing,"2(1, 4)"
330500,湖州市,-0.031805734,2.419470669,Huzhou,"2(1, 4)"
230400,鹤岗市,-0.031942257,2.416575344,Hegang,"2(1, 4)"
620800,平凉市,-0.032250988,2.410027877,Pingliang,"2(1, 4)"
469026,昌江黎族自治县,-0.032711678,2.400257724,Changjiang,"2(1, 4)"
230900,七台河市,-0.034667775,2.358773503,Qitaihe,"2(1, 4)"
640300,吴忠市,-0.034796312,2.356047544,Wuzhong,"2(1, 4)"
469021,定安县,-0.034825373,2.355431219,Dingan,"2(1, 4)"
620400,白银市,-0.035813488,2.334475624,Baiyin,"2(1, 4)"
450200,柳州市,-0.038577677,2.275853685,Liuzhou,"2(1, 3)"
640500,中卫市,-0.040129659,2.242939807,Zhongwei,"2(0, 3)"
230700,伊春市,-0.040239147,2.240617817,Yichun,"2(0, 3)"
220800,白城市,-0.04075579,2.229661029,Baicheng,"2(0, 3)"
150500,通辽市,-0.043198196,2.17786335,Tongliao,"2(0, 3)"
640400,固原市,-0.043897824,2.163025883,Guyuan,"2(0, 3)"
230300,鸡西市,-0.043962556,2.161653061,Jixi,"2(0, 3)"
340500,马鞍山市,-0.04451167,2.150007643,MaAnshan,"2(0, 3)"
621100,定西市,-0.044627149,2.147558619,Dingxi,"2(0, 3)"
532800,西双版纳傣族自治州,-0.046199355,2.11421582,Xishuangbanna,"2(0, 3)"
513400,凉山彝族自治州,-0.047175954,2.093504454,Liangshan,"2(0, 3)"
220700,松原市,-0.047984187,2.076363738,Songyuan,"2(0, 3)"
450600,防城港市,-0.048335267,2.06891815,Fangchenggang,"2(0, 3)"
230500,双鸭山市,-0.048459283,2.066288055,Shuangyashan,"2(0, 3)"
220500,通化市,-0.049236566,2.049803724,Tonghua,"2(0, 3)"
530400,玉溪市,-0.051010079,2.012191678,Yuxi,"2(0, 3)"
231000,牡丹江市,-0.051539219,2.000969857,Mudanjiang,"2(0, 3)"
611000,商洛市,-0.05219677,1.987024759,Shangluo,"2(0, 3)"
520400,安顺市,-0.05227222,1.98542465,Anshun,"2(0, 3)"
511800,雅安市,-0.052838474,1.973415718,Yaan,"2(0, 3)"
630100,西宁市,-0.053245897,1.96477524,Xining,"2(0, 3)"
411200,三门峡市,-0.053582114,1.957644866,Sanmenxia,"2(0, 3)"
230800,佳木斯市,-0.054542931,1.937268204,Jiamusi,"2(0, 3)"
532600,文山壮族苗族自治州,-0.055744009,1.911796159,Wenshan,"2(0, 3)"
150900,乌兰察布市,-0.055888373,1.908734538,Ulanqab,"2(0, 3)"
410600,鹤壁市,-0.056598866,1.893666663,Hebi,"2(0, 3)"
371100,日照市,-0.056601387,1.893613197,Rizhao,"2(0, 3)"
140100,太原市,-0.056917872,1.886901279,Taiyuan,"2(0, 3)"
140300,阳泉市,-0.057341524,1.877916635,Yangquan,"2(0, 3)"
530600,昭通市,-0.057566677,1.873141655,Zhaotong,"2(0, 3)"
210400,抚顺市,-0.059044662,1.841797076,Fushun,"2(0, 3)"
520200,六盘水市,-0.06215254,1.775886301,Liupanshui,"2(0, 3)"
530500,保山市,-0.062317518,1.772387498,Baoshan,"2(0, 3)"
130300,秦皇岛市,-0.06314036,1.754936962,Qinhuangdao,"2(0, 3)"
410400,平顶山市,-0.067380354,1.665016644,Pingdingshan,"2(0, 3)"
211000,辽阳市,-0.067952151,1.652890176,Liaoyang,"2(0, 3)"
532300,楚雄彝族自治州,-0.068441922,1.642503282,Chuxiong,"2(0, 3)"
211100,盘锦市,-0.070736235,1.593846319,Panjin,"2(-1, 3)"
410900,濮阳市,-0.071498611,1.577678116,Puyang,"2(-1, 3)"
330800,衢州市,-0.0732456,1.540628571,Quzhou,"2(-1, 3)"
220300,四平市,-0.073635061,1.532369032,Siping,"2(-1, 3)"
341000,黄山市,-0.074394601,1.516260979,Huangshan,"2(-1, 3)"
210500,本溪市,-0.074824307,1.507147919,Benxi,"2(-1, 3)"
220200,吉林市,-0.075183395,1.499532498,Jilin,"1(-1, 3)"
331100,丽水市,-0.076755074,1.466200896,Lishui,"1(-1, 3)"
210800,营口市,-0.079076229,1.416974646,Yingkou,"1(-1, 3)"
469028,陵水黎族自治县,-0.079719443,1.403333597,Lingshui,"1(-1, 3)"
620500,天水市,-0.080718236,1.382151544,Tianshui,"1(-1, 3)"
522300,黔西南布依族苗族自治州,-0.081479828,1.365999965,Qianxinan,"1(-1, 3)"
211400,葫芦岛市,-0.081757362,1.360114128,Huludao,"1(-1, 3)"
211200,铁岭市,-0.081910139,1.356874079,Tieling,"1(-1, 3)"
370300,淄博市,-0.082568014,1.342922096,Zibo,"1(-1, 3)"
360600,鹰潭市,-0.082724356,1.339606462,Yingtan,"1(-1, 3)"
360100,南昌市,-0.082831372,1.337336906,Nanchang,"1(-1, 3)"
621000,庆阳市,-0.08447791,1.302417706,Qingyang,"1(-1, 3)"
510400,攀枝花市,-0.085757077,1.275289589,Panzhihua,"1(-1, 3)"
469023,澄迈县,-0.086148007,1.266998868,Chengmai,"1(-1, 3)"
210900,阜新市,-0.090318322,1.178556305,Fuxin,"1(-1, 3)"
469007,东方市,-0.091643104,1.150460794,Dongfang,"1(-1, 2)"
230200,齐齐哈尔市,-0.091907189,1.144860171,Qiqihar,"1(-1, 2)"
140500,晋城市,-0.093120292,1.119133104,Jincheng,"1(-1, 2)"
370100,济南市,-0.095399423,1.070798091,Jinan,"1(-1, 2)"
532500,红河哈尼族彝族自治州,-0.095677895,1.064892369,Honghe,"1(-1, 2)"
131000,廊坊市,-0.096052534,1.056947157,Langfang,"1(-1, 2)"
360500,新余市,-0.09618523,1.054132993,Xinyu,"1(-1, 2)"
429004,仙桃市,-0.097467362,1.026941969,Xiantao,"1(-1, 2)"
520100,贵阳市,-0.098718394,1.000410535,Guiyang,"1(-1, 2)"
360200,景德镇市,-0.10076136,0.95708402,Jingdezhen,"1(-2, 2)"
150400,赤峰市,-0.101808832,0.934869621,Chifeng,"1(-2, 2)"
140600,朔州市,-0.103713997,0.894465541,Shuozhou,"1(-2, 2)"
610900,安康市,-0.104453261,0.878787484,Ankang,"1(-2, 2)"
350900,宁德市,-0.106034703,0.845248821,Ningde,"1(-2, 2)"
210300,鞍山市,-0.109420737,0.773439011,Anshan,"1(-2, 2)"
330600,绍兴市,-0.110393175,0.752815897,Shaoxing,"1(-2, 2)"
210600,丹东市,-0.110952748,0.740948669,Dandong,"1(-2, 2)"
211300,朝阳市,-0.113382713,0.689414811,Chaoyang,"1(-2, 2)"
321100,镇江市,-0.118048299,0.590468716,Zhenjiang,"1(-2, 2)"
522700,黔南布依族苗族自治州,-0.11950187,0.559641888,Qiannan,"1(-2, 2)"
441300,惠州市,-0.120181279,0.54523323,Huizhou,"1(-2, 2)"
532900,大理白族自治州,-0.120658923,0.535103528,Dali,"1(-2, 2)"
469002,琼海市,-0.121649518,0.514095323,Qionghai,"1(-2, 2)"
341700,池州市,-0.122256554,0.501221524,Chizhou,"1(-2, 2)"
140400,长治市,-0.125632214,0.429631707,Changzhi,"0(-2, 2)"
341800,宣城市,-0.126123592,0.419210748,Xuancheng,"0(-2, 2)"
340700,铜陵市,-0.126214155,0.417290103,Tongling,"0(-2, 2)"
371600,滨州市,-0.127024601,0.400102466,Binzhou,"0(-2, 2)"
610300,宝鸡市,-0.128038271,0.3786049,Baoji,"0(-2, 2)"
520600,铜仁市,-0.132997598,0.273429243,Tongren,"0(-2, 2)"
231200,绥化市,-0.135997247,0.209813751,Suihua,"0(-3, 2)"
410800,焦作市,-0.136603725,0.196951771,Jiaozuo,"0(-3, 2)"
522600,黔东南苗族侗族自治州,-0.138261029,0.161804252,Qiandongnan,"0(-3, 2)"
451400,崇左市,-0.138945673,0.14728457,Chongzuo,"0(-3, 2)"
320200,无锡市,-0.139613332,0.133125084,Wuxi,"0(-3, 2)"
411000,许昌市,-0.140058885,0.123675949,Xuchang,"0(-3, 2)"
370600,烟台市,-0.141865208,0.085368084,Yantai,"0(-3, 2)"
469024,临高县,-0.14960837,-0.078846162,Lingao,"0(-3, 1)"
511100,乐山市,-0.151040641,-0.109221264,Leshan,"0(-3, 1)"
140900,忻州市,-0.151263426,-0.113946011,Xinzhou,"0(-3, 1)"
450100,南宁市,-0.152988939,-0.150540077,Nanning,"0(-3, 1)"
141000,临汾市,-0.155243223,-0.198348143,Linfen,"0(-3, 1)"
340300,蚌埠市,-0.155273261,-0.198985185,Bengbu,"0(-3, 1)"
610700,汉中市,-0.155942621,-0.213180719,Hanzhong,"0(-3, 1)"
340600,淮北市,-0.158129623,-0.259561903,Huaibei,"0(-3, 1)"
141100,吕梁市,-0.158278214,-0.262713153,Lvliang,"0(-3, 1)"
440700,江门市,-0.158433385,-0.266003982,Jiangmen,"0(-3, 1)"
331000,台州市,-0.160853287,-0.3173244,Taizhou,"0(-3, 1)"
520500,毕节市,-0.16228409,-0.34766837,Bijie,"0(-3, 1)"
350400,三明市,-0.16260106,-0.354390566,Sanming,"0(-4, 1)"
330300,温州市,-0.164806854,-0.401170251,Wenzhou,"0(-4, 1)"
130500,邢台市,-0.164810597,-0.401249651,Xingtai,"0(-4, 1)"
610500,渭南市,-0.167031319,-0.448345932,Weinan,"0(-4, 1)"
469027,乐东黎族自治县,-0.168338677,-0.476071914,Ledong,"0(-4, 1)"
460400,儋州市,-0.168489784,-0.479276553,Danzhou,"0(-4, 1)"
411100,漯河市,-0.170836978,-0.529055005,Luohe,"-1(-4, 1)"
370400,枣庄市,-0.171060459,-0.533794513,Zaozhuang,"-1(-4, 1)"
140200,大同市,-0.173721766,-0.590234582,Datong,"-1(-4, 1)"
451000,百色市,-0.175252302,-0.622693654,Baise,"-1(-4, 1)"
350300,莆田市,-0.177908811,-0.679031951,Putian,"-1(-4, 1)"
433100,湘西土家族苗族自治州,-0.183124794,-0.789650676,Xiangxi,"-1(-4, 1)"
510600,德阳市,-0.18456688,-0.820233935,Deyang,"-1(-4, 1)"
130200,唐山市,-0.186005793,-0.8507499,Tangshan,"-1(-4, 1)"
445100,潮州市,-0.188856806,-0.911213184,Chaozhou,"-1(-4, 1)"
330100,杭州市,-0.192025048,-0.978404138,Hangzhou,"-1(-4, 1)"
512000,资阳市,-0.192722322,-0.993191684,Ziyang,"-1(-4, 1)"
130900,沧州市,-0.199281752,-1.132301758,Cangzhou,"-1(-5, 1)"
451300,来宾市,-0.200712784,-1.162650577,Laibin,"-1(-5, 0)"
469006,万宁市,-0.203445196,-1.220598625,Wanning,"-1(-5, 0)"
131100,衡水市,-0.210836604,-1.37735299,Hengshui,"-1(-5, 0)"
460200,三亚市,-0.21259737,-1.414694699,Sanya,"-1(-5, 0)"
510300,自贡市,-0.213589479,-1.435735008,Zigong,"-1(-5, 0)"
410500,安阳市,-0.213817742,-1.440575916,Anyang,"-1(-5, 0)"
370900,泰安市,-0.214114623,-1.446872067,Taian,"-1(-5, 0)"
511400,眉山市,-0.216884059,-1.505605294,Meishan,"-2(-5, 0)"
451200,河池市,-0.217523319,-1.519162488,Hechi,"-2(-5, 0)"
410200,开封市,-0.219847827,-1.568459843,Kaifeng,"-2(-5, 0)"
320700,连云港市,-0.220075424,-1.573286638,Lianyungang,"-2(-5, 0)"
469005,文昌市,-0.220716315,-1.586878429,Wenchang,"-2(-5, 0)"
530300,曲靖市,-0.228616365,-1.754419914,Qujing,"-2(-6, 0)"
451100,贺州市,-0.232752787,-1.842143694,Hezhou,"-2(-6, 0)"
350700,南平市,-0.232958939,-1.846515689,Nanping,"-2(-6, 0)"
450500,北海市,-0.236047444,-1.912015618,Beihai,"-2(-6, 0)"
341100,滁州市,-0.236478751,-1.921162622,Chuzhou,"-2(-6, 0)"
371500,聊城市,-0.236556387,-1.922809102,Liaocheng,"-2(-6, 0)"
350500,泉州市,-0.245053432,-2.103011442,Quanzhou,"-2(-6, 0)"
430800,张家界市,-0.245271728,-2.107640985,Zhangjiajie,"-2(-6, 0)"
450700,钦州市,-0.245902877,-2.121026167,Qinzhou,"-2(-6, 0)"
511500,宜宾市,-0.246860776,-2.141340959,Yibin,"-2(-6, 0)"
370700,潍坊市,-0.253203026,-2.275845164,Weifang,"-2(-6, 0)"
520300,遵义市,-0.257590983,-2.368903399,Zunyi,"-2(-6, 0)"
510500,泸州市,-0.257822345,-2.373810059,Luzhou,"-2(-6, -1)"
510900,遂宁市,-0.265481231,-2.536237005,Suining,"-3(-7, -1)"
321300,宿迁市,-0.271104469,-2.655492659,Suqian,"-3(-7, -1)"
430200,株洲市,-0.272102906,-2.676667167,Zhuzhou,"-3(-7, -1)"
510800,广元市,-0.272109192,-2.676800481,Guangyuan,"-3(-7, -1)"
350100,福州市,-0.274308455,-2.723441664,Fuzhou,"-3(-7, -1)"
210700,锦州市,-0.274785004,-2.733548144,Jinzhou,"-3(-7, -1)"
140800,运城市,-0.282471039,-2.896550879,Yuncheng,"-3(-7, -1)"
360300,萍乡市,-0.283681463,-2.92222113,Pingxiang,"-3(-7, -1)"
410300,洛阳市,-0.283684019,-2.922275327,Luoyang,"-3(-7, -1)"
610400,咸阳市,-0.285868117,-2.968594909,Xianyang,"-3(-7, -1)"
430300,湘潭市,-0.289441666,-3.044381485,Xiangtan,"-3(-7, -1)"
410700,新乡市,-0.291247201,-3.08267262,Xinxiang,"-3(-8, -1)"
511900,巴中市,-0.291668529,-3.091608012,Bazhong,"-3(-8, -1)"
320800,淮安市,-0.292612251,-3.111622131,Huaian,"-3(-8, -1)"
511000,内江市,-0.292724447,-3.114001542,Neijiang,"-3(-8, -1)"
411700,驻马店市,-0.296843999,-3.201367557,Zhumadian,"-3(-8, -1)"
130800,承德市,-0.301157997,-3.292857303,Chengde,"-3(-8, -1)"
350600,漳州市,-0.311357098,-3.509156248,Zhangzhou,"-4(-8, -1)"
341600,亳州市,-0.312720999,-3.538081372,Bozhou,"-4(-8, -1)"
450300,桂林市,-0.31559947,-3.59912698,Guilin,"-4(-8, -2)"
130400,邯郸市,-0.326783653,-3.836317186,Handan,"-4(-9, -2)"
321200,泰州市,-0.327408403,-3.849566661,Taizhou,"-4(-9, -2)"
510700,绵阳市,-0.329159334,-3.886699803,Mianyang,"-4(-9, -2)"
341200,阜阳市,-0.329448948,-3.892841824,Fuyang,"-4(-9, -2)"
371400,德州市,-0.330603907,-3.9173358,Dezhou,"-4(-9, -2)"
320600,南通市,-0.333100221,-3.970276752,Nantong,"-4(-9, -2)"
441800,清远市,-0.334237561,-3.994397044,Qingyuan,"-4(-9, -2)"
370800,济宁市,-0.336398113,-4.040217281,Jining,"-4(-9, -2)"
511600,广安市,-0.343929718,-4.199944909,Guangan,"-4(-9, -2)"
230100,哈尔滨市,-0.359714095,-4.534694417,Harbin,"-5(-10, -2)"
650100,乌鲁木齐市,-0.364628382,-4.638914877,Wulumuqi,"-5(-10, -2)"
350800,龙岩市,-0.365709123,-4.661834854,Longyan,"-5(-10, -2)"
210100,沈阳市,-0.368180466,-4.714246239,Shenyang,"-5(-10, -2)"
130600,保定市,-0.369651356,-4.74544035,Baoding,"-5(-10, -2)"
450400,梧州市,-0.369844818,-4.749543215,Wuzhou,"-5(-10, -2)"
411400,商丘市,-0.370838848,-4.770624257,Shangqiu,"-5(-10, -2)"
371300,临沂市,-0.381278827,-4.992031656,Linyi,"-5(-10, -3)"
510100,成都市,-0.381938873,-5.00602968,Chengdu,"-5(-10, -3)"
440500,汕头市,-0.388224652,-5.139336279,Shantou,"-5(-11, -3)"
130100,石家庄市,-0.389206728,-5.16016379,Shijiazhuang,"-5(-11, -3)"
441200,肇庆市,-0.408103893,-5.560928211,Zhaoqing,"-6(-11, -3)"
130700,张家口市,-0.412633737,-5.656995542,Zhangjiakou,"-6(-11, -3)"
321000,扬州市,-0.421568622,-5.846483445,Yangzhou,"-6(-12, -3)"
360400,九江市,-0.440547633,-6.248983628,Jiujiang,"-6(-12, -4)"
320900,盐城市,-0.441452672,-6.268177371,Yancheng,"-6(-12, -4)"
340400,淮南市,-0.453565256,-6.525056796,Huainan,"-7(-13, -4)"
441700,阳江市,-0.454168377,-6.537847581,Yangjiang,"-7(-13, -4)"
361000,抚州市,-0.454921002,-6.553808981,Fuzhou,"-7(-13, -4)"
361100,上饶市,-0.461543805,-6.69426306,Shangrao,"-7(-13, -4)"
445300,云浮市,-0.467968379,-6.830513148,Yunfu,"-7(-13, -4)"
341300,宿州市,-0.468916098,-6.850612059,Suzhou,"-7(-13, -4)"
441500,汕尾市,-0.475920923,-6.999167921,Shanwei,"-7(-13, -4)"
371700,菏泽市,-0.4905377,-7.309155383,Heze,"-7(-14, -4)"
411300,南阳市,-0.506244299,-7.6422554,Nanyang,"-8(-14, -5)"
360900,宜春市,-0.542500135,-8.411156402,Yichun,"-8(-16, -5)"
440200,韶关市,-0.544597254,-8.455631361,Shaoguan,"-8(-16, -5)"
341500,六安市,-0.544762956,-8.459145518,Liuan,"-8(-16, -5)"
420700,鄂州市,-0.570359167,-9.001980944,Ezhou,"-9(-16, -6)"
411500,信阳市,-0.573815686,-9.075285574,Xinyang,"-9(-17, -6)"
610100,西安市,-0.574688284,-9.093791326,Xi’an,"-9(-17, -6)"
411600,周口市,-0.628872022,-10.24290098,Zhoukou,"-10(-18, -7)"
431200,怀化市,-0.632302512,-10.3156536,Huaihua,"-10(-18, -7)"
511700,达州市,-0.641733468,-10.515662,Dazhou,"-11(-19, -7)"
445200,揭阳市,-0.658750862,-10.87656089,Jieyang,"-11(-19, -7)"
340800,安庆市,-0.67826853,-11.29048472,Anqing,"-11(-20, -8)"
220100,长春市,-0.710139821,-11.96639984,Changchun,"-12(-21, -8)"
450800,贵港市,-0.71494076,-12.06821647,Guigang,"-12(-21, -8)"
320300,徐州市,-0.719856401,-12.17246565,Xuzhou,"-12(-21, -8)"
210200,大连市,-0.75066975,-12.82594432,Dalian,"-13(-22, -9)"
360800,吉安市,-0.78065546,-13.46187069,Jian,"-13(-23, -9)"
441600,河源市,-0.790430713,-13.66918081,Heyuan,"-14(-24, -10)"
360700,赣州市,-0.800591125,-13.88465925,Ganzhou,"-14(-24, -10)"
450900,玉林市,-0.816692856,-14.22613911,Yulin,"-14(-24, -10)"
431000,郴州市,-0.827685135,-14.45925948,Chenzhou,"-14(-25, -10)"
511300,南充市,-0.840739296,-14.73610754,Nanchong,"-15(-25, -10)"
421300,随州市,-0.863678736,-15.2225991,Suizhou,"-15(-26, -11)"
420200,黄石市,-0.888576243,-15.75061666,Huangshi,"-16(-27, -11)"
431300,娄底市,-0.978682698,-17.66156264,Loudi,"-18(-30, -13)"
421200,咸宁市,-1.061430915,-19.41645769,Xianning,"-19(-32, -14)"
420500,宜昌市,-1.064908099,-19.4902006,Yichang,"-19(-32, -14)"
120000,天津市,-1.077189102,-19.75065177,Tianjin,"-20(-33, -14)"
431100,永州市,-1.112617956,-20.50201446,Yongzhou,"-21(-34, -15)"
421100,黄冈市,-1.181773248,-21.96863552,Huanggang,"-22(-36, -16)"
440800,湛江市,-1.263973083,-23.7119007,Zhanjiang,"-24(-39, -18)"
429006,天门市,-1.275124991,-23.94840644,Tianmen,"-24(-39, -18)"
430900,益阳市,-1.327363039,-25.05625256,Yiyang,"-25(-41, -19)"
429005,潜江市,-1.3383179,-25.28857941,Qianjiang,"-25(-41, -19)"
441400,梅州市,-1.338537757,-25.29324205,Meizhou,"-25(-41, -19)"
430700,常德市,-1.405217583,-26.70736433,Changde,"-27(-43, -20)"
440900,茂名市,-1.646846947,-31.83175482,Maoming,"-32(-51, -24)"
430400,衡阳市,-1.648240732,-31.86131372,Hengyang,"-32(-51, -24)"
430600,岳阳市,-1.69903556,-32.93855255,Yueyang,"-33(-53, -25)"
420800,荆门市,-1.726624075,-33.52364007,Jingmen,"-34(-54, -25)"
420300,十堰市,-1.804285857,-35.1706638,Shiyan,"-35(-56, -27)"
420600,襄阳市,-1.816197547,-35.42328273,Xiangyang,"-35(-57, -27)"
430500,邵阳市,-1.838929992,-35.90538441,Shaoyang,"-36(-57, -27)"
500000,重庆市,-1.896250855,-37.12102511,Chongqing,"-37(-59, -28)"
420900,孝感市,-1.965108465,-38.58133304,Xiaogan,"-39(-61, -29)"
422800,恩施土家族苗族自治州,-2.836077569,-57.0525392,Enshi,"-57(-89, -44)"
421000,荆州市,-3.485615662,-70.8277144,Jingzhou,"-71(-110, -55)"